symboling,CarName,fueltype,aspiration,doornumber,carbody,drivewheel,enginelocation,wheelbase,carlength,carwidth,carheight,curbweight,enginetype,cylindernumber,enginesize,fuelsystem,boreratio,stroke,compressionratio,horsepower,peakrpm,citympg,highwaympg,price,model
3,alfa-romeo,gas,std,2,convertible,rwd,front,225.04,428.75,162.81,123.95,1155.75,dohc,4,130,mpfi,3.47,2.68,9.0,111,5000,21,27,13495.0,giulia
3,alfa-romeo,gas,std,2,convertible,rwd,front,225.04,428.75,162.81,123.95,1155.75,dohc,4,130,mpfi,3.47,2.68,9.0,111,5000,21,27,16500.0,stelvio
1,alfa-romeo,gas,std,2,hatchback,rwd,front,240.03,434.85,166.37,133.1,1280.49,ohcv,6,152,mpfi,2.68,3.47,9.0,154,5000,19,26,16500.0,Quadrifoglio
2,audi,gas,std,4,sedan,fwd,front,253.49,448.56,168.15,137.92,1060.05,ohc,4,109,mpfi,3.19,3.4,10.0,102,5500,24,30,13950.0,100 ls
2,audi,gas,std,4,sedan,4wd,front,252.48,448.56,168.66,137.92,1280.94,ohc,5,136,mpfi,3.19,3.4,8.0,115,5500,18,22,17450.0,100ls
2,audi,gas,std,2,sedan,fwd,front,253.49,450.34,168.4,134.87,1137.16,ohc,5,136,mpfi,3.19,3.4,8.5,110,5500,19,25,15250.0,fox
1,audi,gas,std,4,sedan,fwd,front,268.73,489.46,181.36,141.48,1290.02,ohc,5,136,mpfi,3.19,3.4,8.5,110,5500,19,25,17710.0,100ls
1,audi,gas,std,4,wagon,fwd,front,268.73,489.46,181.36,141.48,1339.91,ohc,5,136,mpfi,3.19,3.4,8.5,110,5500,19,25,18920.0,5000
1,audi,gas,turbo,4,sedan,fwd,front,268.73,489.46,181.36,141.99,1399.79,ohc,5,131,mpfi,3.13,3.4,8.3,140,5500,17,20,23875.0,4000
0,audi,gas,turbo,2,hatchback,4wd,front,252.73,452.63,172.47,132.08,1384.82,ohc,5,131,mpfi,3.13,3.4,7.0,160,5500,16,22,17859.167,5000s (diesel)
2,bmw,gas,std,2,sedan,rwd,front,257.05,449.07,164.59,137.92,1086.35,ohc,4,108,mpfi,3.5,2.8,8.8,101,5800,23,29,16430.0,320i
0,bmw,gas,std,4,sedan,rwd,front,257.05,449.07,164.59,137.92,1086.35,ohc,4,108,mpfi,3.5,2.8,8.8,101,5800,23,29,16925.0,320i
0,bmw,gas,std,2,sedan,rwd,front,257.05,449.07,164.59,137.92,1229.24,ohc,6,164,mpfi,3.31,3.19,9.0,121,4250,21,28,20970.0,x1
0,bmw,gas,std,4,sedan,rwd,front,257.05,449.07,164.59,137.92,1254.18,ohc,6,164,mpfi,3.31,3.19,9.0,121,4250,21,28,21105.0,x3
1,bmw,gas,std,4,sedan,rwd,front,262.89,480.06,169.93,141.48,1385.72,ohc,6,164,mpfi,3.31,3.19,9.0,121,4250,20,25,24565.0,z4
0,bmw,gas,std,4,sedan,rwd,front,262.89,480.06,169.93,141.48,1465.1,ohc,6,209,mpfi,3.62,3.39,8.0,182,5400,16,22,30760.0,x4
0,bmw,gas,std,2,sedan,rwd,front,262.89,492.25,172.47,136.4,1533.14,ohc,6,209,mpfi,3.62,3.39,8.0,182,5400,16,22,41315.0,x5
0,bmw,gas,std,4,sedan,rwd,front,279.4,500.38,180.09,143.0,1589.84,ohc,6,209,mpfi,3.62,3.39,8.0,182,5400,15,20,36880.0,x3
2,chevrolet,gas,std,2,hatchback,fwd,front,224.54,358.39,153.16,135.13,674.95,l,3,61,2bbl,2.91,3.03,9.5,48,5100,47,53,5151.0,impala
1,chevrolet,gas,std,2,hatchback,fwd,front,240.03,395.99,161.54,132.08,850.03,ohc,4,90,2bbl,3.03,3.11,9.6,70,5400,38,43,6295.0,monte carlo
0,chevrolet,gas,std,4,sedan,fwd,front,240.03,403.35,161.54,132.08,865.91,ohc,4,90,2bbl,3.03,3.11,9.6,70,5400,38,43,6575.0,vega 2300
1,dodge,gas,std,2,hatchback,fwd,front,238.0,399.54,162.05,129.03,850.94,ohc,4,90,2bbl,2.97,3.23,9.41,68,5500,37,41,5572.0,rampage
1,dodge,gas,std,2,hatchback,fwd,front,238.0,399.54,162.05,129.03,850.94,ohc,4,90,2bbl,2.97,3.23,9.4,68,5500,31,38,6377.0,challenger se
1,dodge,gas,turbo,2,hatchback,fwd,front,238.0,399.54,162.05,129.03,965.24,ohc,4,98,mpfi,3.03,3.39,7.6,102,5500,24,30,7957.0,d200
1,dodge,gas,std,4,hatchback,fwd,front,238.0,399.54,162.05,128.52,892.22,ohc,4,90,2bbl,2.97,3.23,9.4,68,5500,31,38,6229.0,monaco (sw)
1,dodge,gas,std,4,sedan,fwd,front,238.0,399.54,162.05,128.52,902.2,ohc,4,90,2bbl,2.97,3.23,9.4,68,5500,31,38,6692.0,colt hardtop
1,dodge,gas,std,4,sedan,fwd,front,238.0,399.54,162.05,128.52,902.2,ohc,4,90,2bbl,2.97,3.23,9.4,68,5500,31,38,7609.0,colt (sw)
1,dodge,gas,turbo,2,sedan,fwd,front,238.0,399.54,162.05,128.52,993.82,ohc,4,98,mpfi,3.03,3.39,7.6,102,5500,24,30,8558.0,coronet custom
-1,dodge,gas,std,4,wagon,fwd,front,262.38,443.48,164.08,151.89,1149.86,ohc,4,122,2bbl,3.34,3.46,8.5,88,5000,24,30,8921.0,dart custom
3,dodge,gas,turbo,2,hatchback,fwd,front,243.59,439.93,168.4,127.51,1275.05,ohc,4,156,mfi,3.6,3.9,7.0,145,5000,19,24,12964.0,coronet custom (sw)
2,honda,gas,std,2,hatchback,fwd,front,219.96,367.28,162.31,129.03,777.0,ohc,4,92,1bbl,2.91,3.41,9.6,58,4800,49,54,6479.0,civic
2,honda,gas,std,2,hatchback,fwd,front,219.96,367.28,162.31,129.03,825.08,ohc,4,92,1bbl,2.91,3.41,9.2,76,6000,31,38,6855.0,civic cvcc
1,honda,gas,std,2,hatchback,fwd,front,238.0,381.0,162.56,133.6,833.25,ohc,4,79,1bbl,2.91,3.07,10.1,60,5500,38,42,5399.0,civic
1,honda,gas,std,2,hatchback,fwd,front,238.0,381.0,162.56,133.6,879.97,ohc,4,92,1bbl,2.91,3.41,9.2,76,6000,30,34,6529.0,accord cvcc
1,honda,gas,std,2,hatchback,fwd,front,238.0,381.0,162.56,133.6,887.23,ohc,4,92,1bbl,2.91,3.41,9.2,76,6000,30,34,7129.0,civic cvcc
0,honda,gas,std,4,sedan,fwd,front,245.11,415.04,162.56,138.43,911.72,ohc,4,92,1bbl,2.91,3.41,9.2,76,6000,30,34,7295.0,accord lx
0,honda,gas,std,4,wagon,fwd,front,245.11,399.03,162.31,148.08,918.07,ohc,4,92,1bbl,2.92,3.41,9.2,76,6000,30,34,7295.0,civic 1500 gl
0,honda,gas,std,2,hatchback,fwd,front,245.11,425.45,165.61,135.38,1014.23,ohc,4,110,1bbl,3.15,3.58,9.0,86,5800,27,33,7895.0,accord
0,honda,gas,std,2,hatchback,fwd,front,245.11,425.45,165.61,135.38,1038.27,ohc,4,110,1bbl,3.15,3.58,9.0,86,5800,27,33,9095.0,civic 1300
0,honda,gas,std,4,sedan,fwd,front,245.11,445.52,165.61,137.41,1045.08,ohc,4,110,1bbl,3.15,3.58,9.0,86,5800,27,33,8845.0,prelude
0,honda,gas,std,4,sedan,fwd,front,245.11,445.52,158.75,137.41,1075.92,ohc,4,110,1bbl,3.15,3.58,9.0,86,5800,27,33,10295.0,accord
0,honda,gas,std,4,sedan,fwd,front,245.11,445.52,165.61,137.41,1118.11,ohc,4,110,mpfi,3.15,3.58,9.0,101,5800,24,28,12945.0,civic
1,honda,gas,std,2,sedan,fwd,front,245.11,429.51,167.64,129.54,1040.09,ohc,4,110,2bbl,3.15,3.58,9.1,100,5500,25,31,10345.0,civic (auto)
0,isuzu,gas,std,4,sedan,rwd,front,239.52,433.58,156.97,135.89,1060.05,ohc,4,111,2bbl,3.31,3.23,8.5,78,4800,24,29,6785.0,MU-X
1,isuzu,gas,std,2,sedan,fwd,front,240.03,395.99,161.54,132.08,850.03,ohc,4,90,2bbl,3.03,3.11,9.6,70,5400,38,43,8916.5,D-Max 
0,isuzu,gas,std,4,sedan,fwd,front,240.03,395.99,161.54,132.08,865.91,ohc,4,90,2bbl,3.03,3.11,9.6,70,5400,38,43,8916.5,D-Max V-Cross
2,isuzu,gas,std,2,hatchback,rwd,front,243.84,438.4,165.61,130.56,1240.12,ohc,4,119,spfi,3.43,3.23,9.2,90,5000,24,29,11048.0,D-Max 
0,jaguar,gas,std,4,sedan,rwd,front,287.02,506.98,176.78,134.11,1844.31,dohc,6,258,mpfi,3.63,4.17,8.1,176,4750,15,19,32250.0,xj
0,jaguar,gas,std,4,sedan,rwd,front,287.02,506.98,176.78,134.11,1844.31,dohc,6,258,mpfi,3.63,4.17,8.1,176,4750,15,19,35550.0,xf
0,jaguar,gas,std,2,sedan,rwd,front,259.08,486.92,179.32,121.41,1791.69,ohcv,12,326,mpfi,3.54,2.76,11.5,262,5000,13,17,36000.0,xk
1,mazda,gas,std,2,hatchback,fwd,front,236.47,404.11,163.07,137.41,857.29,ohc,4,91,2bbl,3.03,3.15,9.0,68,5000,30,31,5195.0,rx3
1,mazda,gas,std,2,hatchback,fwd,front,236.47,404.11,163.07,137.41,861.83,ohc,4,91,2bbl,3.03,3.15,9.0,68,5000,31,38,6095.0,glc deluxe
1,mazda,gas,std,2,hatchback,fwd,front,236.47,404.11,163.07,137.41,864.09,ohc,4,91,2bbl,3.03,3.15,9.0,68,5000,31,38,6795.0,rx2 coupe
1,mazda,gas,std,4,sedan,fwd,front,236.47,423.67,163.07,137.41,882.24,ohc,4,91,2bbl,3.03,3.15,9.0,68,5000,31,38,6695.0,rx-4
1,mazda,gas,std,4,sedan,fwd,front,236.47,423.67,163.07,137.41,884.51,ohc,4,91,2bbl,3.08,3.15,9.0,68,5000,31,38,7395.0,glc deluxe
3,mazda,gas,std,2,hatchback,rwd,front,242.06,429.26,166.88,125.98,1079.55,rotor,2,70,4bbl,3.33,3.255,9.4,101,6000,17,23,10945.0,626
3,mazda,gas,std,2,hatchback,rwd,front,242.06,429.26,166.88,125.98,1079.55,rotor,2,70,4bbl,3.33,3.255,9.4,101,6000,17,23,11845.0,glc
3,mazda,gas,std,2,hatchback,rwd,front,242.06,429.26,166.88,125.98,1081.82,rotor,2,70,4bbl,3.33,3.255,9.4,101,6000,17,23,13645.0,rx-7 gs
3,mazda,gas,std,2,hatchback,rwd,front,242.06,429.26,166.88,125.98,1133.98,rotor,2,80,mpfi,3.33,3.255,9.4,135,6000,16,23,15645.0,glc 4
1,mazda,gas,std,2,hatchback,fwd,front,250.95,451.61,168.91,136.4,1081.82,ohc,4,122,2bbl,3.39,3.39,8.6,84,4800,26,32,8845.0,626
0,mazda,gas,std,4,sedan,fwd,front,250.95,451.61,168.91,140.97,1093.16,ohc,4,122,2bbl,3.39,3.39,8.6,84,4800,26,32,8495.0,glc custom l
1,mazda,gas,std,2,hatchback,fwd,front,250.95,451.61,168.91,136.4,1081.82,ohc,4,122,2bbl,3.39,3.39,8.6,84,4800,26,32,10595.0,glc custom
0,mazda,gas,std,4,sedan,fwd,front,250.95,451.61,168.91,140.97,1093.16,ohc,4,122,2bbl,3.39,3.39,8.6,84,4800,26,32,10245.0,rx-4
0,mazda,diesel,std,4,sedan,fwd,front,250.95,451.61,168.91,140.97,1108.13,ohc,4,122,idi,3.39,3.39,22.7,64,4650,36,42,10795.0,glc deluxe
0,mazda,gas,std,4,hatchback,fwd,front,250.95,451.61,168.91,140.97,1099.96,ohc,4,122,2bbl,3.39,3.39,8.6,84,4800,26,32,11245.0,626
0,mazda,gas,std,4,sedan,rwd,front,266.45,444.5,167.89,138.18,1211.09,ohc,4,140,mpfi,3.76,3.16,8.0,120,5000,19,27,18280.0,glc
0,mazda,diesel,std,4,sedan,rwd,front,266.45,444.5,167.89,138.18,1224.7,ohc,4,134,idi,3.43,3.64,22.0,72,4200,31,39,18344.0,rx-7 gs
-1,buick,diesel,turbo,4,sedan,rwd,front,279.4,484.89,178.56,143.51,1594.38,ohc,5,183,idi,3.58,3.64,21.5,123,4350,22,25,25552.0,electra 225 custom
-1,buick,diesel,turbo,4,wagon,rwd,front,279.4,484.89,178.56,149.1,1700.97,ohc,5,183,idi,3.58,3.64,21.5,123,4350,22,25,28248.0,century luxus (sw)
0,buick,diesel,turbo,2,hardtop,rwd,front,271.02,476.25,178.56,139.45,1585.31,ohc,5,183,idi,3.58,3.64,21.5,123,4350,22,25,28176.0,century
-1,buick,diesel,turbo,4,sedan,rwd,front,293.62,514.6,182.12,143.0,1710.04,ohc,5,183,idi,3.58,3.64,21.5,123,4350,22,25,31600.0,skyhawk
-1,buick,gas,std,4,sedan,rwd,front,293.62,514.6,182.12,143.51,1696.44,ohcv,8,234,mpfi,3.46,3.1,8.3,155,4750,16,18,34184.0,opel isuzu deluxe
3,buick,gas,std,2,convertible,rwd,front,245.36,457.96,179.07,129.03,1671.49,ohcv,8,234,mpfi,3.46,3.1,8.3,155,4750,16,18,35056.0,skylark
0,buick,gas,std,4,sedan,rwd,front,307.09,528.57,182.12,144.02,1769.01,ohcv,8,308,mpfi,3.8,3.35,8.0,184,4500,14,16,40960.0,century special
1,buick,gas,std,2,hardtop,rwd,front,284.48,505.97,182.88,140.72,1685.1,ohcv,8,304,mpfi,3.8,3.35,8.0,184,4500,14,16,45400.0,regal sport coupe (turbo)
1,mercury,gas,turbo,2,hatchback,rwd,front,260.86,453.14,172.72,139.19,1319.95,ohc,4,140,mpfi,3.78,3.12,8.0,175,5000,19,24,16503.0,cougar
2,mitsubishi,gas,std,2,hatchback,fwd,front,238.0,399.54,163.58,129.03,869.99,ohc,4,92,2bbl,2.97,3.23,9.4,68,5500,37,41,5389.0,mirage
2,mitsubishi,gas,std,2,hatchback,fwd,front,238.0,399.54,163.58,129.03,881.78,ohc,4,92,2bbl,2.97,3.23,9.4,68,5500,31,38,6189.0,lancer
2,mitsubishi,gas,std,2,hatchback,fwd,front,238.0,399.54,163.58,129.03,909.0,ohc,4,92,2bbl,2.97,3.23,9.4,68,5500,31,38,6669.0,outlander
1,mitsubishi,gas,turbo,2,hatchback,fwd,front,236.22,399.54,162.05,129.03,972.96,ohc,4,98,spdi,3.03,3.39,7.6,102,5500,24,30,7689.0,g4
3,mitsubishi,gas,turbo,2,hatchback,fwd,front,244.6,439.42,166.12,125.48,1075.01,ohc,4,110,spdi,3.17,3.46,7.5,116,5500,23,30,9959.0,mirage g4
3,mitsubishi,gas,std,2,hatchback,fwd,front,244.6,439.42,166.12,125.48,1055.96,ohc,4,122,2bbl,3.35,3.46,8.5,88,5000,25,32,8499.0,g4
3,mitsubishi,gas,turbo,2,hatchback,fwd,front,243.59,439.93,168.4,127.51,1285.03,ohc,4,156,spdi,3.58,3.86,7.0,145,5000,19,24,12629.0,outlander
3,mitsubishi,gas,turbo,2,hatchback,fwd,front,243.59,439.93,168.4,127.51,1324.94,ohc,4,156,spdi,3.59,3.86,7.0,145,5000,19,24,14869.0,g4
3,mitsubishi,gas,turbo,2,hatchback,fwd,front,243.59,439.93,168.4,127.51,1327.21,ohc,4,156,spdi,3.59,3.86,7.0,145,5000,19,24,14489.0,mirage g4
1,mitsubishi,gas,std,4,sedan,fwd,front,244.6,437.9,166.12,131.06,1072.75,ohc,4,122,2bbl,3.35,3.46,8.5,88,5000,25,32,6989.0,montero
1,mitsubishi,gas,std,4,sedan,fwd,front,244.6,437.9,166.12,131.06,1090.89,ohc,4,122,2bbl,3.35,3.46,8.5,88,5000,25,32,8189.0,pajero
1,mitsubishi,gas,turbo,4,sedan,fwd,front,244.6,437.9,166.12,131.06,1089.98,ohc,4,110,spdi,3.17,3.46,7.5,116,5500,23,30,9279.0,outlander
-1,mitsubishi,gas,std,4,sedan,fwd,front,244.6,437.9,166.12,131.06,1089.98,ohc,4,110,spdi,3.17,3.46,7.5,116,5500,23,30,9279.0,mirage g4
1,nissan,gas,std,2,sedan,fwd,front,240.03,419.86,162.05,138.43,856.84,ohc,4,97,2bbl,3.15,3.29,9.4,69,5200,31,37,5499.0,versa
1,nissan,diesel,std,2,sedan,fwd,front,240.03,419.86,162.05,138.43,914.9,ohc,4,103,idi,2.99,3.47,21.9,55,4800,45,50,7099.0,gt-r
1,nissan,gas,std,2,sedan,fwd,front,240.03,419.86,162.05,138.43,869.99,ohc,4,97,2bbl,3.15,3.29,9.4,69,5200,31,37,6649.0,rogue
1,nissan,gas,std,4,sedan,fwd,front,240.03,419.86,162.05,138.43,879.06,ohc,4,97,2bbl,3.15,3.29,9.4,69,5200,31,37,6849.0,latio
1,nissan,gas,std,4,wagon,fwd,front,240.03,432.31,162.05,135.89,918.07,ohc,4,97,2bbl,3.15,3.29,9.4,69,5200,31,37,7349.0,titan
1,nissan,gas,std,2,sedan,fwd,front,240.03,419.86,162.05,138.43,884.96,ohc,4,97,2bbl,3.15,3.29,9.4,69,5200,31,37,7299.0,leaf
1,nissan,gas,std,2,hatchback,fwd,front,240.03,420.62,162.05,135.38,919.89,ohc,4,97,2bbl,3.15,3.29,9.4,69,5200,31,37,7799.0,juke
1,nissan,gas,std,4,sedan,fwd,front,240.03,419.86,162.05,138.43,894.03,ohc,4,97,2bbl,3.15,3.29,9.4,69,5200,31,37,7499.0,latio
1,nissan,gas,std,4,wagon,fwd,front,240.03,432.31,162.05,135.89,923.97,ohc,4,97,2bbl,3.15,3.29,9.4,69,5200,31,37,7999.0,note
2,nissan,gas,std,2,hardtop,fwd,front,241.55,412.5,162.05,135.38,910.81,ohc,4,97,2bbl,3.15,3.29,9.4,69,5200,31,37,8249.0,clipper
0,nissan,gas,std,4,hatchback,fwd,front,246.89,440.44,165.61,138.94,1054.15,ohc,4,120,2bbl,3.33,3.47,8.5,97,5200,27,34,8949.0,rogue
0,nissan,gas,std,4,sedan,fwd,front,246.89,440.44,165.61,138.94,1044.17,ohc,4,120,2bbl,3.33,3.47,8.5,97,5200,27,34,9549.0,nv200
0,nissan,gas,std,4,sedan,fwd,front,255.02,461.52,168.91,139.95,1403.87,ohcv,6,181,mpfi,3.43,3.27,9.0,152,5200,17,22,13499.0,dayz
0,nissan,gas,std,4,wagon,fwd,front,255.02,468.88,168.91,142.49,1495.04,ohcv,6,181,mpfi,3.43,3.27,9.0,152,5200,17,22,14399.0,fuga
0,nissan,gas,std,4,sedan,fwd,front,255.02,468.88,168.91,139.95,1387.99,ohcv,6,181,mpfi,3.43,3.27,9.0,152,5200,19,25,13499.0,otti
3,nissan,gas,std,2,hatchback,rwd,front,231.9,433.58,172.47,126.24,1392.98,ohcv,6,181,mpfi,3.43,3.27,9.0,160,5200,19,25,17199.0,teana
3,nissan,gas,turbo,2,hatchback,rwd,front,231.9,433.58,172.47,126.24,1423.83,ohcv,6,181,mpfi,3.43,3.27,7.8,200,5200,17,23,19699.0,kicks
1,nissan,gas,std,2,hatchback,rwd,front,251.97,453.39,172.47,126.24,1423.83,ohcv,6,181,mpfi,3.43,3.27,9.0,160,5200,19,25,18399.0,clipper
0,peugeot,gas,std,4,sedan,rwd,front,274.07,474.22,173.74,144.02,1369.85,l,4,120,mpfi,3.46,3.19,8.4,97,5000,19,24,11900.0,504
0,peugeot,diesel,turbo,4,sedan,rwd,front,274.07,474.22,173.74,144.02,1450.13,l,4,152,idi,3.7,3.52,21.0,95,4150,28,33,13200.0,304
0,peugeot,gas,std,4,wagon,rwd,front,290.07,505.21,173.74,149.1,1465.1,l,4,120,mpfi,3.46,3.19,8.4,97,5000,19,24,12440.0,504 (sw)
0,peugeot,diesel,turbo,4,wagon,rwd,front,290.07,505.21,173.74,149.1,1555.82,l,4,152,idi,3.7,3.52,21.0,95,4150,25,25,13860.0,504
0,peugeot,gas,std,4,sedan,rwd,front,274.07,474.22,173.74,144.02,1394.8,l,4,120,mpfi,3.46,2.19,8.4,95,5000,19,24,15580.0,504
0,peugeot,diesel,turbo,4,sedan,rwd,front,274.07,474.22,173.74,144.02,1475.08,l,4,152,idi,3.7,3.52,21.0,95,4150,28,33,16900.0,604sl
0,peugeot,gas,std,4,wagon,rwd,front,290.07,505.21,173.74,144.02,1490.05,l,4,120,mpfi,3.46,2.19,8.4,95,5000,19,24,16695.0,504
0,peugeot,diesel,turbo,4,wagon,rwd,front,290.07,505.21,173.74,149.1,1580.77,l,4,152,idi,3.7,3.52,21.0,95,4150,25,25,17075.0,505s turbo diesel
0,peugeot,gas,std,4,sedan,rwd,front,274.07,474.22,173.74,144.02,1394.8,l,4,120,mpfi,3.46,3.19,8.4,97,5000,19,24,16630.0,504
0,peugeot,diesel,turbo,4,sedan,rwd,front,274.07,474.22,173.74,144.02,1475.08,l,4,152,idi,3.7,3.52,21.0,95,4150,28,33,17950.0,504
0,peugeot,gas,turbo,4,sedan,rwd,front,274.32,474.22,173.48,142.24,1419.74,l,4,134,mpfi,3.61,3.21,7.0,142,5600,18,24,18150.0,604sl
1,plymouth,gas,std,2,hatchback,fwd,front,238.0,399.54,162.05,129.03,869.99,ohc,4,90,2bbl,2.97,3.23,9.4,68,5500,37,41,5572.0,fury iii
1,plymouth,gas,turbo,2,hatchback,fwd,front,238.0,399.54,162.05,129.03,965.24,ohc,4,98,spdi,3.03,3.39,7.6,102,5500,24,30,7957.0,cricket
1,plymouth,gas,std,4,hatchback,fwd,front,238.0,399.54,162.05,128.52,892.22,ohc,4,90,2bbl,2.97,3.23,9.4,68,5500,31,38,6229.0,fury iii
1,plymouth,gas,std,4,sedan,fwd,front,238.0,424.94,162.05,129.03,902.2,ohc,4,90,2bbl,2.97,3.23,9.4,68,5500,31,38,6692.0,satellite custom (sw)
1,plymouth,gas,std,4,sedan,fwd,front,238.0,424.94,162.05,129.03,993.82,ohc,4,98,2bbl,2.97,3.23,9.4,68,5500,31,38,7609.0,fury gran sedan
-1,plymouth,gas,std,4,wagon,fwd,front,262.38,443.48,164.08,151.89,1149.86,ohc,4,122,2bbl,3.35,3.46,8.5,88,5000,24,30,8921.0,valiant
3,plymouth,gas,turbo,2,hatchback,rwd,front,243.59,439.93,168.4,127.51,1278.22,ohc,4,156,spdi,3.59,3.86,7.0,145,5000,19,24,12764.0,duster
3,porsche,gas,std,2,hatchback,rwd,front,240.03,429.01,173.48,127.51,1260.08,ohc,4,151,mpfi,3.94,3.11,9.5,143,5500,19,27,22018.0,macan
3,porsche,gas,std,2,hardtop,rwd,rear,227.33,429.01,165.1,131.06,1250.1,ohc,6,194,mpfi,3.74,2.9,9.5,207,5900,17,25,32528.0,panamera
3,porsche,gas,std,2,hardtop,rwd,rear,227.33,429.01,165.1,131.06,1250.1,ohc,6,194,mpfi,3.74,2.9,9.5,207,5900,17,25,34028.0,cayenne
3,porsche,gas,std,2,convertible,rwd,rear,227.33,429.01,165.1,131.06,1270.06,ohc,6,194,mpfi,3.74,2.9,9.5,207,5900,17,25,37028.0,boxter
1,porsche,gas,std,2,hatchback,rwd,front,249.94,446.28,183.64,128.27,1526.79,dohc,8,203,mpfi,3.94,3.11,10.0,288,5750,17,28,31400.5,cayenne
0,renault,gas,std,4,wagon,fwd,front,244.09,461.01,168.91,140.21,1169.81,ohc,4,132,mpfi,3.46,3.9,8.7,90,5100,23,31,9295.0,12tl
2,renault,gas,std,2,hatchback,fwd,front,244.09,449.07,169.16,128.27,1115.84,ohc,4,132,mpfi,3.46,3.9,8.7,90,5100,23,31,9895.0,5 gtl
3,saab,gas,std,2,hatchback,fwd,front,251.71,473.96,168.91,142.49,1205.65,ohc,4,121,mpfi,3.54,3.07,9.31,110,5250,21,28,11850.0,99e
2,saab,gas,std,4,sedan,fwd,front,251.71,473.96,168.91,142.49,1222.43,ohc,4,121,mpfi,3.54,3.07,9.3,110,5250,21,28,12170.0,99le
3,saab,gas,std,2,hatchback,fwd,front,251.71,473.96,168.91,142.49,1227.87,ohc,4,121,mpfi,2.54,2.07,9.3,110,5250,21,28,15040.0,99le
2,saab,gas,std,4,sedan,fwd,front,251.71,473.96,168.91,142.49,1251.01,ohc,4,121,mpfi,3.54,3.07,9.3,110,5250,21,28,15510.0,99gle
3,saab,gas,turbo,2,hatchback,fwd,front,251.71,473.96,168.91,142.49,1273.69,dohc,4,121,mpfi,3.54,3.07,9.0,160,5500,19,26,18150.0,99gle
2,saab,gas,turbo,4,sedan,fwd,front,251.71,473.96,168.91,142.49,1291.38,dohc,4,121,mpfi,3.54,3.07,9.0,160,5500,19,26,18620.0,99e
2,subaru,gas,std,2,hatchback,fwd,front,238.0,398.53,161.04,136.4,929.86,ohc,4,97,2bbl,3.62,2.36,9.0,69,4900,31,36,5118.0,subaru
2,subaru,gas,std,2,hatchback,fwd,front,238.0,401.07,161.54,136.4,961.62,ohc,4,108,2bbl,3.62,2.64,8.7,73,4400,26,31,7053.0,dl
2,subaru,gas,std,2,hatchback,4wd,front,236.98,399.54,162.05,141.48,1016.05,ohc,4,108,2bbl,3.62,2.64,8.7,73,4400,26,31,7603.0,dl
0,subaru,gas,std,4,sedan,fwd,front,246.89,436.88,166.12,133.35,972.96,ohc,4,108,2bbl,3.62,2.64,9.5,82,4800,32,37,7126.0,subaru
0,subaru,gas,std,4,sedan,fwd,front,246.89,436.88,166.12,133.35,993.37,ohc,4,108,2bbl,3.62,2.64,9.5,82,4400,28,33,7775.0,brz
0,subaru,gas,std,4,sedan,fwd,front,246.89,436.88,166.12,133.35,1061.41,ohc,4,108,mpfi,3.62,2.64,9.0,94,5200,26,32,9960.0,baja
0,subaru,gas,std,4,sedan,4wd,front,246.38,436.88,166.12,137.92,1081.82,ohc,4,108,2bbl,3.62,2.64,9.0,82,4800,24,25,9233.0,r1
0,subaru,gas,turbo,4,sedan,4wd,front,246.38,436.88,166.12,137.92,1138.52,ohc,4,108,mpfi,3.62,2.64,7.7,111,4800,24,29,11259.0,r2
0,subaru,gas,std,4,wagon,fwd,front,246.38,440.69,166.12,134.62,1038.73,ohc,4,108,2bbl,3.62,2.64,9.0,82,4800,28,32,7463.0,trezia
0,subaru,gas,std,4,wagon,fwd,front,246.38,440.69,166.12,134.62,1113.57,ohc,4,108,mpfi,3.62,2.64,9.0,94,5200,25,31,10198.0,tribeca
0,subaru,gas,std,4,wagon,4wd,front,246.13,440.94,166.12,139.45,1097.69,ohc,4,108,2bbl,3.62,2.64,9.0,82,4800,23,29,8013.0,dl
0,subaru,gas,turbo,4,wagon,4wd,front,246.13,440.94,166.12,139.45,1202.02,ohc,4,108,mpfi,3.62,2.64,7.7,111,4800,23,23,11694.0,dl
1,toyota,gas,std,2,hatchback,fwd,front,243.08,403.1,161.54,138.43,900.38,ohc,4,92,2bbl,3.05,3.03,9.0,62,4800,35,39,5348.0,corona mark ii
1,toyota,gas,std,2,hatchback,fwd,front,243.08,403.1,161.54,138.43,925.33,ohc,4,92,2bbl,3.05,3.03,9.0,62,4800,31,38,6338.0,corona
1,toyota,gas,std,4,hatchback,fwd,front,243.08,403.1,161.54,138.43,913.99,ohc,4,92,2bbl,3.05,3.03,9.0,62,4800,31,38,6488.0,corolla 1200
0,toyota,gas,std,4,wagon,fwd,front,243.08,431.04,161.54,150.11,1034.19,ohc,4,92,2bbl,3.05,3.03,9.0,62,4800,31,37,6918.0,corona hardtop
0,toyota,gas,std,4,wagon,4wd,front,243.08,431.04,161.54,150.11,1038.73,ohc,4,92,2bbl,3.05,3.03,9.0,62,4800,27,32,7898.0,corolla 1600 (sw)
0,toyota,gas,std,4,wagon,4wd,front,243.08,431.04,161.54,150.11,1410.67,ohc,4,92,2bbl,3.05,3.03,9.0,62,4800,27,32,8778.0,carina
0,toyota,gas,std,4,sedan,fwd,front,243.08,422.4,163.58,134.62,943.93,ohc,4,98,2bbl,3.19,3.03,9.0,70,4800,30,37,6938.0,mark ii
0,toyota,gas,std,4,hatchback,fwd,front,243.08,422.4,163.58,134.11,956.63,ohc,4,98,2bbl,3.19,3.03,9.0,70,4800,30,37,7198.0,corolla 1200
0,toyota,diesel,std,4,sedan,fwd,front,243.08,422.4,163.58,134.62,1031.92,ohc,4,110,idi,3.27,3.35,22.5,56,4500,34,36,7898.0,corona
0,toyota,diesel,std,4,hatchback,fwd,front,243.08,422.4,163.58,134.11,1031.92,ohc,4,110,idi,3.27,3.35,22.5,56,4500,38,47,7788.0,corolla
0,toyota,gas,std,4,sedan,fwd,front,243.08,422.4,163.58,134.62,949.82,ohc,4,98,2bbl,3.19,3.03,9.0,70,4800,38,47,7738.0,corona
0,toyota,gas,std,4,hatchback,fwd,front,243.08,422.4,163.58,134.11,962.52,ohc,4,98,2bbl,3.19,3.03,9.0,70,4800,28,34,8358.0,corolla
0,toyota,gas,std,4,sedan,fwd,front,243.08,422.4,163.58,134.11,970.69,ohc,4,98,2bbl,3.19,3.03,9.0,70,4800,28,34,9258.0,mark ii
1,toyota,gas,std,2,sedan,rwd,front,240.03,428.5,162.56,133.6,983.84,ohc,4,98,2bbl,3.19,3.03,9.0,70,4800,29,34,8058.0,corolla liftback
1,toyota,gas,std,2,hatchback,rwd,front,240.03,428.5,162.56,133.6,999.72,ohc,4,98,2bbl,3.19,3.03,9.0,70,4800,29,34,8238.0,corona
1,toyota,gas,std,2,sedan,rwd,front,240.03,428.5,162.56,133.6,1027.39,dohc,4,98,mpfi,3.24,3.08,9.4,112,6600,26,29,9298.0,celica gt liftback
1,toyota,gas,std,2,hatchback,rwd,front,240.03,428.5,162.56,133.6,1043.26,dohc,4,98,mpfi,3.24,3.08,9.4,112,6600,26,29,9538.0,corolla tercel
2,toyota,gas,std,2,hardtop,rwd,front,249.94,447.55,166.62,132.08,1152.12,ohc,4,146,mpfi,3.62,3.5,9.3,116,4800,24,30,8449.0,corona liftback
2,toyota,gas,std,2,hardtop,rwd,front,249.94,447.55,166.62,132.08,1150.31,ohc,4,146,mpfi,3.62,3.5,9.3,116,4800,24,30,9639.0,corolla
2,toyota,gas,std,2,hatchback,rwd,front,249.94,447.55,166.62,132.08,1157.11,ohc,4,146,mpfi,3.62,3.5,9.3,116,4800,24,30,9989.0,starlet
2,toyota,gas,std,2,hardtop,rwd,front,249.94,447.55,166.62,132.08,1215.17,ohc,4,146,mpfi,3.62,3.5,9.3,116,4800,24,30,11199.0,tercel
2,toyota,gas,std,2,hatchback,rwd,front,249.94,447.55,166.62,132.08,1231.05,ohc,4,146,mpfi,3.62,3.5,9.3,116,4800,24,30,11549.0,corolla
2,toyota,gas,std,2,convertible,rwd,front,249.94,447.55,166.62,134.62,1349.44,ohc,4,146,mpfi,3.62,3.5,9.3,116,4800,24,30,17669.0,cressida
-1,toyota,gas,std,4,sedan,fwd,front,260.1,446.02,168.91,139.45,1055.06,ohc,4,122,mpfi,3.31,3.54,8.7,92,4200,29,34,8948.0,corolla
-1,toyota,diesel,turbo,4,sedan,fwd,front,260.1,446.02,168.91,139.45,1124.91,ohc,4,110,idi,3.27,3.35,22.5,73,4500,30,33,10698.0,celica gt
-1,toyota,gas,std,4,hatchback,fwd,front,260.1,446.02,168.91,136.91,1094.97,ohc,4,122,mpfi,3.31,3.54,8.7,92,4200,27,32,9988.0,corona
-1,toyota,gas,std,4,sedan,fwd,front,260.1,446.02,168.91,139.45,1094.97,ohc,4,122,mpfi,3.31,3.54,8.7,92,4200,27,32,10898.0,corolla
-1,toyota,gas,std,4,hatchback,fwd,front,260.1,446.02,168.91,136.91,1114.93,ohc,4,122,mpfi,3.31,3.54,8.7,92,4200,27,32,11248.0,mark ii
3,toyota,gas,std,2,hatchback,rwd,front,261.37,466.09,171.96,132.08,1349.89,dohc,6,171,mpfi,3.27,3.35,9.3,161,5200,20,24,16558.0,corolla liftback
3,toyota,gas,std,2,hatchback,rwd,front,261.37,466.09,171.96,132.08,1368.03,dohc,6,171,mpfi,3.27,3.35,9.3,161,5200,19,24,15998.0,corona
-1,toyota,gas,std,4,sedan,rwd,front,265.43,477.01,168.91,137.41,1420.2,dohc,6,171,mpfi,3.27,3.35,9.2,156,5200,20,24,15690.0,starlet
-1,toyota,gas,std,4,wagon,rwd,front,265.43,477.01,168.91,137.41,1429.27,dohc,6,161,mpfi,3.27,3.35,9.2,156,5200,19,24,15750.0,tercel
2,volkswagen,diesel,std,2,sedan,fwd,front,247.14,436.12,166.37,141.48,1025.57,ohc,4,97,idi,3.01,3.4,23.0,52,4800,37,46,7775.0,rabbit
2,volkswagen,gas,std,2,sedan,fwd,front,247.14,436.12,166.37,141.48,1001.99,ohc,4,109,mpfi,3.19,3.4,9.0,85,5250,27,34,7975.0,1131 deluxe sedan
2,volkswagen,diesel,std,4,sedan,fwd,front,247.14,436.12,166.37,141.48,1026.93,ohc,4,97,idi,3.01,3.4,23.0,52,4800,37,46,7995.0,model 111
2,volkswagen,gas,std,4,sedan,fwd,front,247.14,436.12,166.37,141.48,1003.35,ohc,4,109,mpfi,3.19,3.4,9.0,85,5250,27,34,8195.0,type 3
2,volkswagen,gas,std,4,sedan,fwd,front,247.14,436.12,166.37,141.48,1031.92,ohc,4,109,mpfi,3.19,3.4,9.0,85,5250,27,34,8495.0,411 (sw)
2,volkswagen,diesel,turbo,4,sedan,fwd,front,247.14,436.12,166.37,141.48,1051.88,ohc,4,97,idi,3.01,3.4,23.0,68,4500,37,42,9495.0,super beetle
2,volkswagen,gas,std,4,sedan,fwd,front,247.14,436.12,166.37,141.48,1043.26,ohc,4,109,mpfi,3.19,3.4,10.0,100,5500,26,32,9995.0,dasher
3,volkswagen,gas,std,2,convertible,fwd,front,240.03,404.62,163.07,141.22,1022.4,ohc,4,109,mpfi,3.19,3.4,8.5,90,5500,24,29,11595.0,dasher
3,volkswagen,gas,std,2,hatchback,fwd,front,240.03,420.88,162.56,130.56,1007.43,ohc,4,109,mpfi,3.19,3.4,8.5,90,5500,24,29,9980.0,rabbit
0,volkswagen,gas,std,4,sedan,fwd,front,255.02,457.71,169.93,139.95,1207.01,ohc,5,136,mpfi,3.19,3.4,8.5,110,5500,19,24,13295.0,rabbit
0,volkswagen,diesel,turbo,4,sedan,fwd,front,255.02,457.71,169.93,139.95,1169.81,ohc,4,97,idi,3.01,3.4,23.0,68,4500,33,38,13845.0,rabbit custom
0,volkswagen,gas,std,4,wagon,fwd,front,255.02,465.07,169.93,139.95,1162.56,ohc,4,109,mpfi,3.19,3.4,9.0,88,5500,25,31,12290.0,dasher
-2,volvo,gas,std,4,sedan,rwd,front,264.92,479.55,170.69,142.75,1320.86,ohc,4,141,mpfi,3.78,3.15,9.5,114,5400,23,28,12940.0,145e (sw)
-1,volvo,gas,std,4,wagon,rwd,front,264.92,479.55,170.69,146.05,1376.2,ohc,4,141,mpfi,3.78,3.15,9.5,114,5400,23,28,13415.0,144ea
-2,volvo,gas,std,4,sedan,rwd,front,264.92,479.55,170.69,142.75,1331.29,ohc,4,141,mpfi,3.78,3.15,9.5,114,5400,24,28,15985.0,244dl
-1,volvo,gas,std,4,wagon,rwd,front,264.92,479.55,170.69,146.05,1379.83,ohc,4,141,mpfi,3.78,3.15,9.5,114,5400,24,28,16515.0,245
-2,volvo,gas,turbo,4,sedan,rwd,front,264.92,479.55,170.69,142.75,1381.19,ohc,4,130,mpfi,3.62,3.15,7.5,162,5100,17,22,18420.0,264gl
-1,volvo,gas,turbo,4,wagon,rwd,front,264.92,479.55,170.69,146.05,1431.99,ohc,4,130,mpfi,3.62,3.15,7.5,162,5100,17,22,18950.0,diesel
-1,volvo,gas,std,4,sedan,rwd,front,277.11,479.55,175.01,140.97,1339.0,ohc,4,141,mpfi,3.78,3.15,9.5,114,5400,23,28,16845.0,145e (sw)
-1,volvo,gas,turbo,4,sedan,rwd,front,277.11,479.55,174.75,140.97,1383.0,ohc,4,141,mpfi,3.78,3.15,8.7,160,5300,19,25,19045.0,144ea
-1,volvo,gas,std,4,sedan,rwd,front,277.11,479.55,175.01,140.97,1366.22,ohcv,6,173,mpfi,3.58,2.87,8.8,134,5500,18,23,21485.0,244dl
-1,volvo,diesel,turbo,4,sedan,rwd,front,277.11,479.55,175.01,140.97,1459.21,ohc,6,145,idi,3.01,3.4,23.0,106,4800,26,27,22470.0,246
-1,volvo,gas,turbo,4,sedan,rwd,front,277.11,479.55,175.01,140.97,1388.9,ohc,4,141,mpfi,3.78,3.15,9.5,114,5400,19,25,22625.0,264gl
